"rustic bouquet","lily","lily","tulip","tulip","gardenia","gardenia","ribbon bow"
"wedding bouquet","peony","peony","peony","peony","lily","lily","lily","lily","rose","rose","rose","gardenia","gardenia","gardenia","gardenia","tulle","ribbon bow"
"graduation bouquet","laurel","laurel","laurel","laurel","laurel","rose","rose","rose","ribbon bow"
"classic bouquet","tulip","tulip","tulip","tulip","peony","peony","peony","paper wrap","ribbon bow"
"funeral bouquet","lily","lily","lily","lily","lily","lily","lily","lily","rose","rose","rose","rose","rose","rose","ribbon bow"
"valentine bouquet","rose","rose","rose","rose","rose","peony","peony","peony","tulip","tulip","tulip","ribbon bow"