"customer","giardicate@gmail.com","Caterina","Giardi","viale Morgagni 9","d74ff0ee8da3b9806b18c877dbf29bbde50b5bd8e4dad7a3a725000feb82e8f1","0"
"customer","beatricevangi@gmail.com","Beatrice","Vangi","via di Santa Marta 55","07123e1f482356c415f684407a3b8723e10b2cbbc0b8fcd6282c49d37c9c1abc","1"
"florist","fioraioboss@thebestflo.riist","Fio","Raio","via campo dei fiori f10/r3","242ab4ac31522e28fb16163c45c0c19e4402c4a32bcb3b144e7c2edce675b150","2"
"customer","gangiro@libero.it","Girolamo","Macaluso","via Labriola 67","95f573cd94b4124e7a37775fad2e911c63c11c43c9b0ca7f2804c6584d19d4c3","3"
"customer","pippobaudo@gmail.com","pippo","baudo","via vai di pippo baudo 1860","a2242ead55c94c3deb7cf2340bfef9d5bcaca22dfe66e646745ee4371c633fc8","4"
"florist","flo2.0@fio.raio","Flo","Rist","serra n5","a7585bb010f3a1fa9485f2e228eec65bafbe9119ecfeb12e248e990eb1c65c31","5"
